<?xml version="1.0" encoding="UTF-8" standalone="no"?><inputProfiles><inputProfile><name>ReliableEfficient</name><numberOfRuns>10</numberOfRuns><QoS><adaptationGoal type="interval"><name>reliableCommunication</name><upperValue>-45.0</upperValue><lowerValue>-50.0</lowerValue></adaptationGoal></QoS><moteProbabilaties><mote><moteNumber>1</moteNumber><activityProbability>0.7</activityProbability></mote><mote><moteNumber>0</moteNumber><activityProbability>1.0</activityProbability></mote><mote><moteNumber>2</moteNumber><activityProbability>1.0</activityProbability></mote><mote><moteNumber>3</moteNumber><activityProbability>0.86</activityProbability></mote><mote><moteNumber>4</moteNumber><activityProbability>1.0</activityProbability></mote><mote><moteNumber>5</moteNumber><activityProbability>1.0</activityProbability></mote><mote><moteNumber>6</moteNumber><activityProbability>1.0</activityProbability></mote><mote><moteNumber>7</moteNumber><activityProbability>1.0</activityProbability></mote></moteProbabilaties></inputProfile><inputProfile><name>ReliableEfficientOpen</name><numberOfRuns>10</numberOfRuns><QoS><adaptationGoal type="interval"><name>reliableCommunication</name><upperValue>-42.0</upperValue><lowerValue>-48.0</lowerValue></adaptationGoal></QoS><moteProbabilaties><mote><moteNumber>1</moteNumber><activityProbability>1.0</activityProbability></mote><mote><moteNumber>2</moteNumber><activityProbability>1.0</activityProbability></mote><mote><moteNumber>3</moteNumber><activityProbability>1.0</activityProbability></mote></moteProbabilaties></inputProfile></inputProfiles>