<?xml version="1.0" encoding="UTF-8" standalone="no"?><configuration><map><region><origin><latitude>50.860218</latitude><longitude>4.672788</longitude></origin><size><width>4495</width><height>4495</height></size></region></map><characteristics><regionProperty numberOfZones="36"/><row>Forest-Forest-Plain-Plain-Plain-Plain</row><row>Plain-Forest-City-City-Plain-Plain</row><row>Plain-City-City-City-Plain-Plain</row><row>Forest-City-City-City-Plain-Plain</row><row>Forest-City-City-Plain-Plain-Plain</row><row>Plain-Forest-Plain-Plain-Forest-Plain</row></characteristics><motes><mote><devEUI>6441001029470223281</devEUI><location><xPos>19</xPos><yPos>739</yPos></location><transmissionPower>11</transmissionPower><spreadingFactor>12</spreadingFactor><energyLevel>20</energyLevel><samplingRate>100</samplingRate><movementSpeed>20.0</movementSpeed><sensors/><path><wayPoint>19,739</wayPoint><wayPoint>19,739</wayPoint><wayPoint>19,739</wayPoint><wayPoint>19,739</wayPoint><wayPoint>19,739</wayPoint><wayPoint>19,739</wayPoint><wayPoint>19,739</wayPoint><wayPoint>19,739</wayPoint><wayPoint>19,739</wayPoint><wayPoint>19,739</wayPoint><wayPoint>314,832</wayPoint><wayPoint>534,862</wayPoint><wayPoint>775,928</wayPoint><wayPoint>925,1034</wayPoint><wayPoint>1115,1187</wayPoint><wayPoint>1268,1347</wayPoint><wayPoint>1281,1371</wayPoint><wayPoint>1223,1398</wayPoint><wayPoint>1115,1464</wayPoint><wayPoint>1022,1531</wayPoint><wayPoint>945,1592</wayPoint><wayPoint>909,1631</wayPoint><wayPoint>872,1686</wayPoint><wayPoint>847,1726</wayPoint><wayPoint>836,1760</wayPoint><wayPoint>812,1802</wayPoint><wayPoint>805,1823</wayPoint><wayPoint>780,1866</wayPoint><wayPoint>756,1868</wayPoint><wayPoint>741,1859</wayPoint><wayPoint>689,1839</wayPoint><wayPoint>572,1795</wayPoint><wayPoint>447,1746</wayPoint><wayPoint>366,1717</wayPoint><wayPoint>331,1700</wayPoint><wayPoint>319,1718</wayPoint><wayPoint>298,1758</wayPoint></path></mote><mote><devEUI>5302971109414190381</devEUI><location><xPos>4425</xPos><yPos>940</yPos></location><transmissionPower>10</transmissionPower><spreadingFactor>12</spreadingFactor><energyLevel>20</energyLevel><samplingRate>100</samplingRate><movementSpeed>17.0</movementSpeed><sensors><sensor SensorType="SOOT"/></sensors><path><wayPoint>4425,940</wayPoint><wayPoint>4425,940</wayPoint><wayPoint>4425,940</wayPoint><wayPoint>4425,940</wayPoint><wayPoint>4425,940</wayPoint><wayPoint>4425,940</wayPoint><wayPoint>4425,940</wayPoint><wayPoint>4425,940</wayPoint><wayPoint>4425,940</wayPoint><wayPoint>4189,1022</wayPoint><wayPoint>4037,1088</wayPoint><wayPoint>3765,1186</wayPoint><wayPoint>3546,1266</wayPoint><wayPoint>3372,1335</wayPoint><wayPoint>3225,1388</wayPoint><wayPoint>3003,1470</wayPoint><wayPoint>2931,1496</wayPoint><wayPoint>2912,1501</wayPoint><wayPoint>2901,1475</wayPoint><wayPoint>2868,1428</wayPoint><wayPoint>2791,1332</wayPoint><wayPoint>2699,1214</wayPoint><wayPoint>2631,1126</wayPoint><wayPoint>2543,1055</wayPoint><wayPoint>2494,1029</wayPoint><wayPoint>2431,1011</wayPoint><wayPoint>2381,993</wayPoint><wayPoint>2308,969</wayPoint><wayPoint>2229,942</wayPoint><wayPoint>2201,932</wayPoint><wayPoint>2152,922</wayPoint><wayPoint>2106,911</wayPoint><wayPoint>2058,903</wayPoint><wayPoint>2008,898</wayPoint><wayPoint>1957,898</wayPoint><wayPoint>1943,909</wayPoint><wayPoint>1901,914</wayPoint><wayPoint>1870,927</wayPoint><wayPoint>1834,937</wayPoint><wayPoint>1736,986</wayPoint><wayPoint>1684,1007</wayPoint><wayPoint>1569,1059</wayPoint><wayPoint>1502,1088</wayPoint><wayPoint>1469,1115</wayPoint><wayPoint>1422,1196</wayPoint><wayPoint>1403,1219</wayPoint><wayPoint>1373,1267</wayPoint><wayPoint>1336,1317</wayPoint><wayPoint>1306,1351</wayPoint><wayPoint>1279,1369</wayPoint><wayPoint>1255,1342</wayPoint><wayPoint>1191,1263</wayPoint><wayPoint>1114,1196</wayPoint><wayPoint>1048,1138</wayPoint><wayPoint>974,1079</wayPoint><wayPoint>921,1026</wayPoint><wayPoint>851,983</wayPoint><wayPoint>809,957</wayPoint><wayPoint>769,937</wayPoint><wayPoint>733,923</wayPoint><wayPoint>659,898</wayPoint><wayPoint>596,882</wayPoint><wayPoint>540,876</wayPoint><wayPoint>531,867</wayPoint><wayPoint>536,819</wayPoint><wayPoint>549,704</wayPoint><wayPoint>561,660</wayPoint><wayPoint>562,653</wayPoint><wayPoint>585,663</wayPoint><wayPoint>613,681</wayPoint><wayPoint>638,698</wayPoint><wayPoint>650,721</wayPoint><wayPoint>671,756</wayPoint><wayPoint>691,790</wayPoint><wayPoint>718,815</wayPoint><wayPoint>769,854</wayPoint><wayPoint>781,849</wayPoint><wayPoint>787,834</wayPoint><wayPoint>786,809</wayPoint><wayPoint>789,782</wayPoint><wayPoint>806,736</wayPoint><wayPoint>817,724</wayPoint></path></mote><mote><devEUI>12206321053958290900</devEUI><location><xPos>2116</xPos><yPos>2227</yPos></location><transmissionPower>0</transmissionPower><spreadingFactor>12</spreadingFactor><energyLevel>20</energyLevel><samplingRate>20</samplingRate><movementSpeed>2.0</movementSpeed><sensors><sensor SensorType="SOOT"/></sensors><path><wayPoint>2116,2227</wayPoint><wayPoint>2116,2227</wayPoint><wayPoint>2116,2227</wayPoint><wayPoint>2116,2227</wayPoint><wayPoint>2116,2227</wayPoint><wayPoint>2116,2227</wayPoint><wayPoint>2116,2227</wayPoint><wayPoint>2116,2227</wayPoint><wayPoint>2137,2199</wayPoint><wayPoint>2175,2216</wayPoint><wayPoint>2192,2224</wayPoint><wayPoint>2185,2235</wayPoint><wayPoint>2200,2219</wayPoint><wayPoint>2195,2237</wayPoint><wayPoint>2209,2220</wayPoint><wayPoint>2207,2238</wayPoint><wayPoint>2217,2226</wayPoint><wayPoint>2222,2241</wayPoint><wayPoint>2229,2225</wayPoint><wayPoint>2233,2235</wayPoint><wayPoint>2240,2227</wayPoint><wayPoint>2242,2234</wayPoint><wayPoint>2250,2236</wayPoint><wayPoint>2253,2228</wayPoint><wayPoint>2255,2236</wayPoint><wayPoint>2258,2236</wayPoint><wayPoint>2259,2231</wayPoint><wayPoint>2271,2238</wayPoint><wayPoint>2290,2242</wayPoint><wayPoint>2293,2250</wayPoint><wayPoint>2299,2245</wayPoint><wayPoint>2299,2252</wayPoint><wayPoint>2306,2244</wayPoint><wayPoint>2322,2248</wayPoint><wayPoint>2337,2252</wayPoint><wayPoint>2334,2260</wayPoint><wayPoint>2343,2253</wayPoint><wayPoint>2351,2253</wayPoint><wayPoint>2361,2256</wayPoint><wayPoint>2365,2267</wayPoint><wayPoint>2375,2260</wayPoint><wayPoint>2380,2270</wayPoint><wayPoint>2387,2263</wayPoint><wayPoint>2395,2256</wayPoint><wayPoint>2398,2265</wayPoint><wayPoint>2399,2276</wayPoint><wayPoint>2404,2268</wayPoint><wayPoint>2404,2260</wayPoint><wayPoint>2409,2267</wayPoint><wayPoint>2412,2263</wayPoint><wayPoint>2413,2271</wayPoint><wayPoint>2422,2270</wayPoint><wayPoint>2427,2279</wayPoint><wayPoint>2433,2273</wayPoint><wayPoint>2436,2284</wayPoint><wayPoint>2442,2280</wayPoint><wayPoint>2442,2292</wayPoint><wayPoint>2450,2283</wayPoint><wayPoint>2451,2296</wayPoint><wayPoint>2467,2303</wayPoint><wayPoint>2475,2307</wayPoint><wayPoint>2496,2318</wayPoint><wayPoint>2502,2312</wayPoint></path></mote><mote><devEUI>16180832991014610291</devEUI><location><xPos>1891</xPos><yPos>2373</yPos></location><transmissionPower>4</transmissionPower><spreadingFactor>12</spreadingFactor><energyLevel>20</energyLevel><samplingRate>75</samplingRate><movementSpeed>14.0</movementSpeed><sensors><sensor SensorType="SOOT"/></sensors><path><wayPoint>1891,2373</wayPoint><wayPoint>1891,2373</wayPoint><wayPoint>1891,2373</wayPoint><wayPoint>1891,2373</wayPoint><wayPoint>1891,2373</wayPoint><wayPoint>1891,2373</wayPoint><wayPoint>1891,2373</wayPoint><wayPoint>1874,2369</wayPoint><wayPoint>1869,2358</wayPoint><wayPoint>1864,2352</wayPoint><wayPoint>1843,2361</wayPoint><wayPoint>1818,2380</wayPoint><wayPoint>1768,2412</wayPoint><wayPoint>1758,2415</wayPoint><wayPoint>1729,2417</wayPoint><wayPoint>1705,2450</wayPoint><wayPoint>1683,2473</wayPoint><wayPoint>1637,2488</wayPoint><wayPoint>1573,2508</wayPoint><wayPoint>1495,2537</wayPoint><wayPoint>1469,2558</wayPoint><wayPoint>1429,2590</wayPoint><wayPoint>1378,2631</wayPoint><wayPoint>1360,2648</wayPoint><wayPoint>1351,2666</wayPoint><wayPoint>1336,2713</wayPoint><wayPoint>1321,2772</wayPoint><wayPoint>1316,2794</wayPoint><wayPoint>1311,2823</wayPoint><wayPoint>1306,2862</wayPoint><wayPoint>1304,2886</wayPoint><wayPoint>1299,2919</wayPoint><wayPoint>1300,2951</wayPoint><wayPoint>1304,2977</wayPoint><wayPoint>1310,2998</wayPoint><wayPoint>1319,3025</wayPoint><wayPoint>1340,3091</wayPoint><wayPoint>1351,3121</wayPoint><wayPoint>1357,3142</wayPoint><wayPoint>1357,3162</wayPoint><wayPoint>1358,3174</wayPoint><wayPoint>1353,3191</wayPoint><wayPoint>1355,3215</wayPoint><wayPoint>1349,3218</wayPoint><wayPoint>1324,3208</wayPoint><wayPoint>1277,3186</wayPoint><wayPoint>1234,3157</wayPoint><wayPoint>1194,3128</wayPoint><wayPoint>1181,3115</wayPoint><wayPoint>1166,3100</wayPoint><wayPoint>1158,3090</wayPoint><wayPoint>1110,3048</wayPoint><wayPoint>1016,2964</wayPoint><wayPoint>947,2891</wayPoint><wayPoint>894,2825</wayPoint><wayPoint>833,2734</wayPoint><wayPoint>815,2697</wayPoint><wayPoint>785,2662</wayPoint><wayPoint>770,2635</wayPoint><wayPoint>755,2606</wayPoint><wayPoint>743,2577</wayPoint><wayPoint>728,2559</wayPoint><wayPoint>709,2559</wayPoint><wayPoint>661,2573</wayPoint><wayPoint>594,2599</wayPoint><wayPoint>533,2621</wayPoint><wayPoint>351,2691</wayPoint><wayPoint>172,2751</wayPoint><wayPoint>110,2770</wayPoint><wayPoint>70,2787</wayPoint><wayPoint>3,2810</wayPoint></path></mote><mote><devEUI>18066007069817413414</devEUI><location><xPos>1713</xPos><yPos>3574</yPos></location><transmissionPower>10</transmissionPower><spreadingFactor>12</spreadingFactor><energyLevel>20</energyLevel><samplingRate>110</samplingRate><movementSpeed>18.0</movementSpeed><sensors><sensor SensorType="SOOT"/></sensors><path><wayPoint>1713,3574</wayPoint><wayPoint>1713,3574</wayPoint><wayPoint>1713,3574</wayPoint><wayPoint>1713,3574</wayPoint><wayPoint>1713,3574</wayPoint><wayPoint>1713,3574</wayPoint><wayPoint>1729,3626</wayPoint><wayPoint>1753,3633</wayPoint><wayPoint>1794,3652</wayPoint><wayPoint>1802,3662</wayPoint><wayPoint>1817,3652</wayPoint><wayPoint>1820,3615</wayPoint><wayPoint>1834,3603</wayPoint><wayPoint>1824,3577</wayPoint><wayPoint>1782,3451</wayPoint><wayPoint>1761,3355</wayPoint><wayPoint>1737,3311</wayPoint><wayPoint>1731,3305</wayPoint><wayPoint>1694,3292</wayPoint><wayPoint>1633,3278</wayPoint><wayPoint>1550,3259</wayPoint><wayPoint>1537,3256</wayPoint><wayPoint>1538,3239</wayPoint><wayPoint>1497,3225</wayPoint><wayPoint>1393,3205</wayPoint><wayPoint>1309,3177</wayPoint><wayPoint>1253,3156</wayPoint><wayPoint>1201,3125</wayPoint><wayPoint>1168,3098</wayPoint><wayPoint>1113,3056</wayPoint><wayPoint>1041,2988</wayPoint><wayPoint>973,2925</wayPoint><wayPoint>931,2872</wayPoint><wayPoint>898,2830</wayPoint><wayPoint>861,2771</wayPoint><wayPoint>829,2723</wayPoint><wayPoint>811,2689</wayPoint><wayPoint>794,2675</wayPoint><wayPoint>783,2657</wayPoint><wayPoint>755,2602</wayPoint><wayPoint>735,2560</wayPoint><wayPoint>727,2551</wayPoint><wayPoint>774,2529</wayPoint><wayPoint>813,2515</wayPoint><wayPoint>929,2470</wayPoint><wayPoint>960,2463</wayPoint><wayPoint>978,2470</wayPoint></path></mote><mote><devEUI>304749094604444675</devEUI><location><xPos>2675</xPos><yPos>4482</yPos></location><transmissionPower>7</transmissionPower><spreadingFactor>12</spreadingFactor><energyLevel>20</energyLevel><samplingRate>150</samplingRate><movementSpeed>25.0</movementSpeed><sensors><sensor SensorType="SOOT"/></sensors><path><wayPoint>2675,4484</wayPoint><wayPoint>2675,4484</wayPoint><wayPoint>2675,4484</wayPoint><wayPoint>2675,4484</wayPoint><wayPoint>2675,4484</wayPoint><wayPoint>2723,4273</wayPoint><wayPoint>2753,4002</wayPoint><wayPoint>2796,3761</wayPoint><wayPoint>2832,3551</wayPoint><wayPoint>2904,3208</wayPoint><wayPoint>2928,2973</wayPoint><wayPoint>2988,2612</wayPoint><wayPoint>3049,2401</wayPoint><wayPoint>3061,2356</wayPoint><wayPoint>3070,2310</wayPoint><wayPoint>3041,2303</wayPoint><wayPoint>3017,2303</wayPoint><wayPoint>2997,2303</wayPoint><wayPoint>2996,2329</wayPoint><wayPoint>2979,2366</wayPoint><wayPoint>2960,2425</wayPoint><wayPoint>2943,2434</wayPoint><wayPoint>2910,2449</wayPoint><wayPoint>2884,2481</wayPoint><wayPoint>2847,2530</wayPoint><wayPoint>2808,2589</wayPoint><wayPoint>2770,2646</wayPoint><wayPoint>2725,2706</wayPoint><wayPoint>2707,2717</wayPoint><wayPoint>2674,2691</wayPoint><wayPoint>2625,2652</wayPoint><wayPoint>2497,2548</wayPoint><wayPoint>2407,2479</wayPoint><wayPoint>2359,2532</wayPoint><wayPoint>2395,2566</wayPoint><wayPoint>2383,2580</wayPoint><wayPoint>2353,2575</wayPoint><wayPoint>2341,2565</wayPoint><wayPoint>2285,2642</wayPoint><wayPoint>2267,2669</wayPoint><wayPoint>2211,2622</wayPoint><wayPoint>2177,2541</wayPoint><wayPoint>2177,2527</wayPoint><wayPoint>2174,2511</wayPoint></path></mote><mote><devEUI>6303177770962677243</devEUI><location><xPos>1438</xPos><yPos>1352</yPos></location><transmissionPower>8</transmissionPower><spreadingFactor>12</spreadingFactor><energyLevel>20</energyLevel><samplingRate>13</samplingRate><movementSpeed>55.0</movementSpeed><sensors><sensor SensorType="SOOT"/></sensors><path><wayPoint>1436,1362</wayPoint><wayPoint>1436,1362</wayPoint><wayPoint>1436,1362</wayPoint><wayPoint>1436,1362</wayPoint><wayPoint>1435,1352</wayPoint><wayPoint>1455,1350</wayPoint><wayPoint>1515,1348</wayPoint><wayPoint>1573,1345</wayPoint><wayPoint>1595,1350</wayPoint><wayPoint>1604,1366</wayPoint><wayPoint>1610,1382</wayPoint><wayPoint>1628,1422</wayPoint><wayPoint>1633,1464</wayPoint><wayPoint>1638,1511</wayPoint><wayPoint>1643,1555</wayPoint><wayPoint>1650,1580</wayPoint><wayPoint>1643,1608</wayPoint><wayPoint>1643,1617</wayPoint><wayPoint>1658,1623</wayPoint><wayPoint>1674,1631</wayPoint><wayPoint>1689,1650</wayPoint><wayPoint>1710,1663</wayPoint><wayPoint>1741,1669</wayPoint><wayPoint>1749,1669</wayPoint><wayPoint>1771,1626</wayPoint><wayPoint>1775,1607</wayPoint><wayPoint>1776,1583</wayPoint><wayPoint>1765,1583</wayPoint><wayPoint>1757,1578</wayPoint><wayPoint>1753,1569</wayPoint><wayPoint>1739,1554</wayPoint><wayPoint>1727,1534</wayPoint><wayPoint>1701,1524</wayPoint></path></mote><mote><devEUI>13730457138129967546</devEUI><location><xPos>2034</xPos><yPos>1466</yPos></location><transmissionPower>-3</transmissionPower><spreadingFactor>12</spreadingFactor><energyLevel>20</energyLevel><samplingRate>25</samplingRate><movementSpeed>4.0</movementSpeed><sensors><sensor SensorType="SOOT"/></sensors><path><wayPoint>2034,1466</wayPoint><wayPoint>2034,1466</wayPoint><wayPoint>2034,1466</wayPoint><wayPoint>2056,1443</wayPoint><wayPoint>2090,1412</wayPoint><wayPoint>2126,1374</wayPoint><wayPoint>2174,1327</wayPoint><wayPoint>2197,1356</wayPoint><wayPoint>2237,1403</wayPoint><wayPoint>2296,1474</wayPoint><wayPoint>2348,1537</wayPoint><wayPoint>2394,1595</wayPoint><wayPoint>2436,1646</wayPoint><wayPoint>2494,1714</wayPoint><wayPoint>2514,1741</wayPoint><wayPoint>2552,1781</wayPoint><wayPoint>2571,1807</wayPoint><wayPoint>2518,1851</wayPoint><wayPoint>2430,1927</wayPoint><wayPoint>2462,1957</wayPoint><wayPoint>2482,1976</wayPoint><wayPoint>2497,1970</wayPoint></path></mote><mote><devEUI>7026588715836447032</devEUI><location><xPos>826</xPos><yPos>779</yPos></location><transmissionPower>8</transmissionPower><spreadingFactor>12</spreadingFactor><energyLevel>20</energyLevel><samplingRate>16</samplingRate><movementSpeed>75.0</movementSpeed><sensors><sensor SensorType="SOOT"/></sensors><path><wayPoint>826,779</wayPoint><wayPoint>826,779</wayPoint><wayPoint>802,803</wayPoint><wayPoint>792,815</wayPoint><wayPoint>791,823</wayPoint><wayPoint>790,832</wayPoint><wayPoint>788,841</wayPoint><wayPoint>775,856</wayPoint><wayPoint>715,811</wayPoint><wayPoint>689,787</wayPoint><wayPoint>652,719</wayPoint><wayPoint>639,696</wayPoint><wayPoint>623,683</wayPoint><wayPoint>607,674</wayPoint><wayPoint>587,665</wayPoint><wayPoint>572,658</wayPoint><wayPoint>559,670</wayPoint><wayPoint>552,711</wayPoint><wayPoint>546,759</wayPoint><wayPoint>540,809</wayPoint><wayPoint>534,856</wayPoint><wayPoint>562,861</wayPoint><wayPoint>677,889</wayPoint><wayPoint>741,910</wayPoint><wayPoint>814,942</wayPoint><wayPoint>875,981</wayPoint><wayPoint>935,1020</wayPoint><wayPoint>969,1050</wayPoint><wayPoint>1041,1115</wayPoint><wayPoint>1125,1186</wayPoint><wayPoint>1177,1236</wayPoint><wayPoint>1208,1263</wayPoint><wayPoint>1232,1284</wayPoint><wayPoint>1251,1304</wayPoint><wayPoint>1267,1333</wayPoint><wayPoint>1287,1363</wayPoint><wayPoint>1295,1400</wayPoint><wayPoint>1302,1433</wayPoint><wayPoint>1308,1488</wayPoint><wayPoint>1310,1537</wayPoint><wayPoint>1309,1568</wayPoint><wayPoint>1288,1609</wayPoint><wayPoint>1280,1650</wayPoint><wayPoint>1268,1689</wayPoint><wayPoint>1260,1724</wayPoint><wayPoint>1254,1774</wayPoint><wayPoint>1258,1816</wayPoint><wayPoint>1256,1851</wayPoint><wayPoint>1262,1894</wayPoint><wayPoint>1278,1923</wayPoint><wayPoint>1296,1948</wayPoint><wayPoint>1314,1970</wayPoint><wayPoint>1331,2013</wayPoint><wayPoint>1345,2053</wayPoint><wayPoint>1357,2091</wayPoint><wayPoint>1357,2100</wayPoint><wayPoint>1320,2109</wayPoint><wayPoint>1296,2114</wayPoint><wayPoint>1258,2125</wayPoint><wayPoint>1214,2136</wayPoint><wayPoint>1218,2162</wayPoint><wayPoint>1234,2215</wayPoint><wayPoint>1235,2219</wayPoint><wayPoint>1247,2203</wayPoint><wayPoint>1244,2191</wayPoint><wayPoint>1241,2176</wayPoint><wayPoint>1273,2169</wayPoint></path></mote><mote><devEUI>16718883521620184147</devEUI><location><xPos>3698</xPos><yPos>1860</yPos></location><transmissionPower>8</transmissionPower><spreadingFactor>12</spreadingFactor><energyLevel>20</energyLevel><samplingRate>60</samplingRate><movementSpeed>22.0</movementSpeed><sensors><sensor SensorType="SOOT"/></sensors><path><wayPoint>3698,1860</wayPoint><wayPoint>3715,1847</wayPoint><wayPoint>3726,1857</wayPoint><wayPoint>3773,1814</wayPoint><wayPoint>3791,1835</wayPoint><wayPoint>3824,1873</wayPoint><wayPoint>3834,1874</wayPoint><wayPoint>3840,1874</wayPoint><wayPoint>3844,1879</wayPoint><wayPoint>3843,1891</wayPoint><wayPoint>3839,1893</wayPoint><wayPoint>3832,1894</wayPoint><wayPoint>3825,1887</wayPoint><wayPoint>3816,1891</wayPoint><wayPoint>3783,1910</wayPoint><wayPoint>3732,1938</wayPoint><wayPoint>3667,1971</wayPoint><wayPoint>3597,2010</wayPoint><wayPoint>3543,2043</wayPoint><wayPoint>3487,2074</wayPoint><wayPoint>3426,2109</wayPoint><wayPoint>3390,2130</wayPoint><wayPoint>3346,2158</wayPoint><wayPoint>3291,2191</wayPoint><wayPoint>3285,2195</wayPoint><wayPoint>3306,2207</wayPoint><wayPoint>3331,2223</wayPoint><wayPoint>3356,2221</wayPoint><wayPoint>3413,2213</wayPoint><wayPoint>3513,2195</wayPoint><wayPoint>3604,2183</wayPoint><wayPoint>3613,2190</wayPoint><wayPoint>3621,2204</wayPoint><wayPoint>3631,2217</wayPoint><wayPoint>3633,2227</wayPoint><wayPoint>3599,2244</wayPoint><wayPoint>3516,2284</wayPoint><wayPoint>3461,2315</wayPoint><wayPoint>3427,2345</wayPoint><wayPoint>3403,2374</wayPoint><wayPoint>3390,2369</wayPoint><wayPoint>3349,2367</wayPoint><wayPoint>3344,2411</wayPoint><wayPoint>3315,2622</wayPoint><wayPoint>3166,2602</wayPoint><wayPoint>3128,2618</wayPoint><wayPoint>3106,2640</wayPoint><wayPoint>3083,2662</wayPoint><wayPoint>3062,2684</wayPoint><wayPoint>3041,2700</wayPoint><wayPoint>3023,2707</wayPoint><wayPoint>3005,2709</wayPoint><wayPoint>2941,2702</wayPoint><wayPoint>2901,2721</wayPoint><wayPoint>2874,2742</wayPoint><wayPoint>2841,2760</wayPoint><wayPoint>2759,2815</wayPoint><wayPoint>2653,2888</wayPoint><wayPoint>2587,2931</wayPoint><wayPoint>2544,2961</wayPoint><wayPoint>2513,2974</wayPoint><wayPoint>2503,2970</wayPoint><wayPoint>2494,2959</wayPoint><wayPoint>2492,2946</wayPoint><wayPoint>2501,2934</wayPoint><wayPoint>2541,2909</wayPoint><wayPoint>2559,2908</wayPoint><wayPoint>2564,2893</wayPoint><wayPoint>2589,2869</wayPoint><wayPoint>2627,2815</wayPoint><wayPoint>2676,2748</wayPoint><wayPoint>2695,2721</wayPoint><wayPoint>2697,2712</wayPoint><wayPoint>2683,2700</wayPoint><wayPoint>2647,2671</wayPoint><wayPoint>2618,2648</wayPoint><wayPoint>2598,2673</wayPoint><wayPoint>2581,2695</wayPoint><wayPoint>2621,2721</wayPoint></path></mote><mote><devEUI>13796559430690018817</devEUI><location><xPos>2619</xPos><yPos>1863</yPos></location><transmissionPower>14</transmissionPower><spreadingFactor>12</spreadingFactor><energyLevel>20</energyLevel><samplingRate>25</samplingRate><movementSpeed>3.0</movementSpeed><sensors><sensor SensorType="SOOT"/></sensors><path><wayPoint>2619,1863</wayPoint><wayPoint>2619,1863</wayPoint><wayPoint>2619,1863</wayPoint><wayPoint>2619,1863</wayPoint><wayPoint>2619,1863</wayPoint><wayPoint>2619,1863</wayPoint><wayPoint>2619,1863</wayPoint><wayPoint>2619,1863</wayPoint><wayPoint>2619,1863</wayPoint><wayPoint>2619,1863</wayPoint><wayPoint>2659,1915</wayPoint><wayPoint>2593,1970</wayPoint><wayPoint>2531,2025</wayPoint><wayPoint>2702,2172</wayPoint><wayPoint>2808,2094</wayPoint><wayPoint>2664,1920</wayPoint><wayPoint>2756,1838</wayPoint><wayPoint>2782,1838</wayPoint><wayPoint>2846,1917</wayPoint><wayPoint>2761,1969</wayPoint></path></mote><mote><devEUI>17762118280878992324</devEUI><location><xPos>2528</xPos><yPos>2569</yPos></location><transmissionPower>14</transmissionPower><spreadingFactor>12</spreadingFactor><energyLevel>20</energyLevel><samplingRate>27</samplingRate><movementSpeed>3.0</movementSpeed><sensors><sensor SensorType="SOOT"/></sensors><path><wayPoint>2528,2569</wayPoint><wayPoint>2528,2569</wayPoint><wayPoint>2528,2569</wayPoint><wayPoint>2528,2569</wayPoint><wayPoint>2528,2569</wayPoint><wayPoint>2528,2569</wayPoint><wayPoint>2528,2569</wayPoint><wayPoint>2528,2569</wayPoint><wayPoint>2528,2569</wayPoint><wayPoint>2515,2602</wayPoint><wayPoint>2485,2643</wayPoint><wayPoint>2454,2709</wayPoint><wayPoint>2398,2688</wayPoint><wayPoint>2369,2660</wayPoint><wayPoint>2361,2627</wayPoint><wayPoint>2325,2599</wayPoint><wayPoint>2242,2695</wayPoint><wayPoint>2144,2815</wayPoint><wayPoint>2056,2944</wayPoint><wayPoint>2101,3002</wayPoint><wayPoint>1899,3028</wayPoint><wayPoint>1863,3046</wayPoint><wayPoint>1923,3091</wayPoint><wayPoint>1937,3138</wayPoint><wayPoint>1990,3144</wayPoint><wayPoint>2098,3141</wayPoint><wayPoint>2174,3140</wayPoint><wayPoint>2180,3150</wayPoint><wayPoint>2184,3165</wayPoint><wayPoint>2084,3217</wayPoint><wayPoint>1991,3263</wayPoint><wayPoint>1899,3279</wayPoint><wayPoint>1796,3286</wayPoint><wayPoint>1697,3268</wayPoint><wayPoint>1589,3247</wayPoint></path></mote><mote><devEUI>5547403428993983355</devEUI><location><xPos>1122</xPos><yPos>2413</yPos></location><transmissionPower>14</transmissionPower><spreadingFactor>12</spreadingFactor><energyLevel>20</energyLevel><samplingRate>23</samplingRate><movementSpeed>3.0</movementSpeed><sensors><sensor SensorType="SOOT"/></sensors><path><wayPoint>1122,2413</wayPoint><wayPoint>1122,2413</wayPoint><wayPoint>1122,2413</wayPoint><wayPoint>1122,2413</wayPoint><wayPoint>1122,2413</wayPoint><wayPoint>1122,2413</wayPoint><wayPoint>1122,2413</wayPoint><wayPoint>1122,2413</wayPoint><wayPoint>1202,2364</wayPoint><wayPoint>1205,2352</wayPoint><wayPoint>1208,2338</wayPoint><wayPoint>1220,2335</wayPoint><wayPoint>1283,2317</wayPoint><wayPoint>1379,2285</wayPoint><wayPoint>1447,2274</wayPoint><wayPoint>1570,2258</wayPoint><wayPoint>1714,2217</wayPoint><wayPoint>1784,2187</wayPoint><wayPoint>1810,2181</wayPoint><wayPoint>1812,2198</wayPoint><wayPoint>1816,2216</wayPoint><wayPoint>1835,2262</wayPoint><wayPoint>1781,2302</wayPoint><wayPoint>1727,2341</wayPoint><wayPoint>1717,2377</wayPoint><wayPoint>1718,2399</wayPoint><wayPoint>1725,2417</wayPoint><wayPoint>1741,2417</wayPoint><wayPoint>1766,2413</wayPoint><wayPoint>1822,2377</wayPoint><wayPoint>1872,2350</wayPoint><wayPoint>1881,2343</wayPoint><wayPoint>1911,2368</wayPoint><wayPoint>1929,2385</wayPoint><wayPoint>1927,2406</wayPoint><wayPoint>1917,2423</wayPoint><wayPoint>1894,2459</wayPoint><wayPoint>1892,2535</wayPoint><wayPoint>1914,2545</wayPoint><wayPoint>1982,2542</wayPoint><wayPoint>1985,2542</wayPoint><wayPoint>2010,2402</wayPoint><wayPoint>2039,2314</wayPoint><wayPoint>2074,2278</wayPoint><wayPoint>2115,2227</wayPoint></path></mote><mote><devEUI>3513592319812842811</devEUI><location><xPos>1561</xPos><yPos>2761</yPos></location><transmissionPower>14</transmissionPower><spreadingFactor>12</spreadingFactor><energyLevel>20</energyLevel><samplingRate>19</samplingRate><movementSpeed>2.6</movementSpeed><sensors><sensor SensorType="SOOT"/></sensors><path><wayPoint>1561,2761</wayPoint><wayPoint>1561,2761</wayPoint><wayPoint>1561,2761</wayPoint><wayPoint>1561,2761</wayPoint><wayPoint>1561,2761</wayPoint><wayPoint>1561,2761</wayPoint><wayPoint>1561,2761</wayPoint><wayPoint>1506,2762</wayPoint><wayPoint>1400,2762</wayPoint><wayPoint>1386,2727</wayPoint><wayPoint>1340,2731</wayPoint><wayPoint>1389,2726</wayPoint><wayPoint>1372,2681</wayPoint><wayPoint>1362,2642</wayPoint><wayPoint>1424,2848</wayPoint><wayPoint>1531,2944</wayPoint><wayPoint>1647,3002</wayPoint><wayPoint>1657,2987</wayPoint><wayPoint>1691,2913</wayPoint><wayPoint>1744,2783</wayPoint><wayPoint>1787,2656</wayPoint><wayPoint>1820,2662</wayPoint><wayPoint>1824,2624</wayPoint></path></mote><mote><devEUI>17000474116551507080</devEUI><location><xPos>2485</xPos><yPos>1190</yPos></location><transmissionPower>14</transmissionPower><spreadingFactor>12</spreadingFactor><energyLevel>20</energyLevel><samplingRate>16</samplingRate><movementSpeed>2.3</movementSpeed><sensors><sensor SensorType="SOOT"/></sensors><path><wayPoint>2485,1190</wayPoint><wayPoint>2485,1190</wayPoint><wayPoint>2485,1190</wayPoint><wayPoint>2485,1190</wayPoint><wayPoint>2485,1190</wayPoint><wayPoint>2485,1190</wayPoint><wayPoint>2561,1130</wayPoint><wayPoint>2607,1094</wayPoint><wayPoint>2684,1193</wayPoint><wayPoint>2824,1370</wayPoint><wayPoint>2937,1555</wayPoint><wayPoint>2975,1710</wayPoint><wayPoint>3023,1952</wayPoint><wayPoint>2979,2204</wayPoint><wayPoint>2904,2432</wayPoint><wayPoint>2866,2500</wayPoint><wayPoint>2732,2681</wayPoint><wayPoint>2619,2828</wayPoint><wayPoint>2589,2917</wayPoint><wayPoint>2524,2980</wayPoint><wayPoint>2449,3004</wayPoint><wayPoint>2186,3162</wayPoint><wayPoint>2006,3257</wayPoint><wayPoint>1883,3284</wayPoint><wayPoint>1669,3263</wayPoint><wayPoint>1517,3239</wayPoint><wayPoint>1506,3250</wayPoint><wayPoint>1534,3274</wayPoint><wayPoint>1522,3360</wayPoint></path></mote><mote><devEUI>8027070625805496115</devEUI><location><xPos>2829</xPos><yPos>1467</yPos></location><transmissionPower>14</transmissionPower><spreadingFactor>12</spreadingFactor><energyLevel>20</energyLevel><samplingRate>183</samplingRate><movementSpeed>15.0</movementSpeed><sensors><sensor SensorType="SOOT"/></sensors><path><wayPoint>2829,1467</wayPoint><wayPoint>2829,1467</wayPoint><wayPoint>2829,1467</wayPoint><wayPoint>2829,1467</wayPoint><wayPoint>2829,1467</wayPoint><wayPoint>2755,1501</wayPoint><wayPoint>2681,1555</wayPoint><wayPoint>2672,1552</wayPoint><wayPoint>2592,1600</wayPoint><wayPoint>2758,1802</wayPoint><wayPoint>2787,1806</wayPoint><wayPoint>2781,1841</wayPoint><wayPoint>2937,2012</wayPoint><wayPoint>2805,2098</wayPoint><wayPoint>2627,2217</wayPoint></path></mote><mote><devEUI>5012776319543422085</devEUI><location><xPos>1180</xPos><yPos>1835</yPos></location><transmissionPower>14</transmissionPower><spreadingFactor>12</spreadingFactor><energyLevel>20</energyLevel><samplingRate>143</samplingRate><movementSpeed>11.0</movementSpeed><sensors><sensor SensorType="SOOT"/></sensors><path><wayPoint>1180,1835</wayPoint><wayPoint>1180,1835</wayPoint><wayPoint>1180,1835</wayPoint><wayPoint>1180,1835</wayPoint><wayPoint>1253,1823</wayPoint><wayPoint>1265,1907</wayPoint><wayPoint>1305,1954</wayPoint><wayPoint>1401,1933</wayPoint><wayPoint>1509,1922</wayPoint><wayPoint>1561,1936</wayPoint><wayPoint>1652,1939</wayPoint><wayPoint>1717,1934</wayPoint><wayPoint>1787,1910</wayPoint><wayPoint>1816,1968</wayPoint><wayPoint>1845,2033</wayPoint><wayPoint>1882,2018</wayPoint><wayPoint>1920,2058</wayPoint><wayPoint>1933,2116</wayPoint><wayPoint>1939,2161</wayPoint><wayPoint>1946,2184</wayPoint><wayPoint>2008,2241</wayPoint><wayPoint>2150,2350</wayPoint><wayPoint>2242,2424</wayPoint><wayPoint>2308,2471</wayPoint><wayPoint>2370,2455</wayPoint><wayPoint>2412,2477</wayPoint></path></mote><mote><devEUI>6750873461811618160</devEUI><location><xPos>3555</xPos><yPos>3331</yPos></location><transmissionPower>14</transmissionPower><spreadingFactor>12</spreadingFactor><energyLevel>20</energyLevel><samplingRate>254</samplingRate><movementSpeed>16.0</movementSpeed><sensors><sensor SensorType="SOOT"/></sensors><path><wayPoint>3555,3331</wayPoint><wayPoint>3555,3331</wayPoint><wayPoint>3555,3331</wayPoint><wayPoint>3473,3277</wayPoint><wayPoint>3428,3331</wayPoint><wayPoint>3389,3298</wayPoint><wayPoint>3374,3292</wayPoint><wayPoint>3338,3352</wayPoint><wayPoint>3262,3427</wayPoint><wayPoint>3229,3497</wayPoint><wayPoint>3175,3536</wayPoint><wayPoint>3133,3779</wayPoint><wayPoint>3091,3885</wayPoint><wayPoint>3091,3975</wayPoint><wayPoint>3127,3924</wayPoint><wayPoint>3109,3852</wayPoint><wayPoint>3157,3683</wayPoint><wayPoint>3187,3454</wayPoint><wayPoint>3205,3241</wayPoint><wayPoint>3274,2846</wayPoint><wayPoint>3217,2813</wayPoint><wayPoint>3181,2744</wayPoint><wayPoint>3148,2699</wayPoint><wayPoint>3106,2657</wayPoint><wayPoint>3087,2651</wayPoint><wayPoint>3105,2636</wayPoint><wayPoint>3128,2610</wayPoint><wayPoint>3137,2600</wayPoint><wayPoint>3110,2593</wayPoint><wayPoint>3091,2585</wayPoint><wayPoint>3072,2552</wayPoint><wayPoint>3093,2532</wayPoint><wayPoint>3172,2304</wayPoint><wayPoint>3232,2133</wayPoint><wayPoint>3287,1903</wayPoint><wayPoint>3308,1732</wayPoint><wayPoint>3309,1561</wayPoint><wayPoint>3296,1472</wayPoint><wayPoint>3293,1449</wayPoint><wayPoint>3264,1440</wayPoint><wayPoint>3258,1386</wayPoint><wayPoint>3226,1385</wayPoint><wayPoint>2906,1517</wayPoint><wayPoint>2680,1714</wayPoint></path></mote><mote><devEUI>12674518149537655142</devEUI><location><xPos>2958</xPos><yPos>451</yPos></location><transmissionPower>14</transmissionPower><spreadingFactor>12</spreadingFactor><energyLevel>20</energyLevel><samplingRate>143</samplingRate><movementSpeed>7.3</movementSpeed><sensors><sensor SensorType="SOOT"/></sensors><path><wayPoint>2958,451</wayPoint><wayPoint>2958,451</wayPoint><wayPoint>2761,462</wayPoint><wayPoint>2705,469</wayPoint><wayPoint>2695,505</wayPoint><wayPoint>2645,481</wayPoint><wayPoint>2558,444</wayPoint><wayPoint>2479,410</wayPoint><wayPoint>2362,380</wayPoint><wayPoint>2318,385</wayPoint><wayPoint>2268,403</wayPoint><wayPoint>2150,404</wayPoint><wayPoint>2098,418</wayPoint><wayPoint>2047,406</wayPoint><wayPoint>1833,370</wayPoint><wayPoint>1775,385</wayPoint><wayPoint>1746,385</wayPoint><wayPoint>1681,404</wayPoint><wayPoint>1693,279</wayPoint><wayPoint>1702,120</wayPoint><wayPoint>1674,123</wayPoint><wayPoint>1615,148</wayPoint><wayPoint>1561,160</wayPoint><wayPoint>1494,175</wayPoint><wayPoint>1413,192</wayPoint><wayPoint>1387,192</wayPoint><wayPoint>1363,185</wayPoint><wayPoint>1326,175</wayPoint><wayPoint>1305,174</wayPoint><wayPoint>1291,175</wayPoint><wayPoint>1296,215</wayPoint><wayPoint>1425,365</wayPoint><wayPoint>1472,441</wayPoint><wayPoint>1630,615</wayPoint><wayPoint>1756,832</wayPoint><wayPoint>1805,952</wayPoint><wayPoint>1857,1118</wayPoint><wayPoint>1799,1115</wayPoint></path></mote><mote><devEUI>15425675970286767234</devEUI><location><xPos>115</xPos><yPos>3548</yPos></location><transmissionPower>14</transmissionPower><spreadingFactor>12</spreadingFactor><energyLevel>20</energyLevel><samplingRate>167</samplingRate><movementSpeed>11.6</movementSpeed><sensors><sensor SensorType="SOOT"/></sensors><path><wayPoint>115,3548</wayPoint><wayPoint>229,3618</wayPoint><wayPoint>353,3703</wayPoint><wayPoint>493,3754</wayPoint><wayPoint>642,3808</wayPoint><wayPoint>651,3850</wayPoint><wayPoint>651,3888</wayPoint><wayPoint>644,3948</wayPoint><wayPoint>642,3969</wayPoint><wayPoint>660,3981</wayPoint><wayPoint>714,4049</wayPoint><wayPoint>731,4083</wayPoint><wayPoint>747,4115</wayPoint><wayPoint>753,4130</wayPoint><wayPoint>750,4138</wayPoint><wayPoint>743,4147</wayPoint><wayPoint>738,4154</wayPoint><wayPoint>740,4161</wayPoint><wayPoint>751,4152</wayPoint><wayPoint>898,3996</wayPoint><wayPoint>1018,3861</wayPoint><wayPoint>1163,3605</wayPoint><wayPoint>1244,3469</wayPoint><wayPoint>1278,3391</wayPoint><wayPoint>1320,3259</wayPoint><wayPoint>1342,3199</wayPoint><wayPoint>1341,3147</wayPoint><wayPoint>1336,3096</wayPoint><wayPoint>1323,3051</wayPoint><wayPoint>1290,2961</wayPoint><wayPoint>1299,2867</wayPoint><wayPoint>1305,2795</wayPoint><wayPoint>1338,2675</wayPoint><wayPoint>1401,2581</wayPoint><wayPoint>1449,2551</wayPoint><wayPoint>1546,2506</wayPoint><wayPoint>1633,2485</wayPoint><wayPoint>1681,2458</wayPoint><wayPoint>1714,2422</wayPoint></path></mote></motes><gateways><gateway><devEUI>17013069624406982244</devEUI><location><xPos>409</xPos><yPos>727</yPos></location><transmissionPower>14</transmissionPower><spreadingFactor>12</spreadingFactor></gateway><gateway><devEUI>18138186461516244749</devEUI><location><xPos>934</xPos><yPos>219</yPos></location><transmissionPower>14</transmissionPower><spreadingFactor>12</spreadingFactor></gateway><gateway><devEUI>18287734414246109779</devEUI><location><xPos>410</xPos><yPos>432</yPos></location><transmissionPower>14</transmissionPower><spreadingFactor>12</spreadingFactor></gateway><gateway><devEUI>17490591537914344122</devEUI><location><xPos>2433</xPos><yPos>1973</yPos></location><transmissionPower>14</transmissionPower><spreadingFactor>12</spreadingFactor></gateway><gateway><devEUI>14498695111963491942</devEUI><location><xPos>3163</xPos><yPos>2269</yPos></location><transmissionPower>14</transmissionPower><spreadingFactor>12</spreadingFactor></gateway><gateway><devEUI>6669700685420508569</devEUI><location><xPos>942</xPos><yPos>2412</yPos></location><transmissionPower>14</transmissionPower><spreadingFactor>12</spreadingFactor></gateway></gateways><wayPoints/></configuration>