<?xml version="1.0" encoding="UTF-8" standalone="no"?><environment><map><region><origin><latitude>50.853718</latitude><longitude>4.673155</longitude></origin><size><width>2768</width><height>2768</height></size></region></map><characteristics><regionProperty numberOfZones="36"/><row>Forest-Forest-Plain-Plain-City-City</row><row>Forest-Forest-Plain-Plain-City-City</row><row>Forest-Forest-Plain-Plain-City-City</row><row>Forest-Forest-Plain-Plain-City-City</row><row>Forest-Forest-City-Plain-City-City</row><row>City-Forest-Plain-Plain-City-City</row></characteristics><motes><mote><devEUI>17900769297804672070</devEUI><location><xPos>189</xPos><yPos>256</yPos></location><transmissionPower>10</transmissionPower><spreadingFactor>12</spreadingFactor><energyLevel>20</energyLevel><samplingRate>10</samplingRate><movementSpeed>1.0</movementSpeed><sensors><sensor SensorType="CARBON_DIOXIDE"/><sensor SensorType="PARTICULATE_MATTER"/></sensors><path><wayPoint>189,256</wayPoint><wayPoint>716,702</wayPoint><wayPoint>499,992</wayPoint><wayPoint>523,1106</wayPoint><wayPoint>553,1341</wayPoint><wayPoint>487,1582</wayPoint><wayPoint>390,1558</wayPoint><wayPoint>246,1775</wayPoint></path></mote><mote><devEUI>11261524289973586525</devEUI><location><xPos>1752</xPos><yPos>1666</yPos></location><transmissionPower>7</transmissionPower><spreadingFactor>12</spreadingFactor><energyLevel>20</energyLevel><samplingRate>11</samplingRate><movementSpeed>1.0</movementSpeed><sensors><sensor SensorType="CARBON_DIOXIDE"/><sensor SensorType="PARTICULATE_MATTER"/></sensors><path><wayPoint>1752,1666</wayPoint><wayPoint>1451,1371</wayPoint><wayPoint>1143,1076</wayPoint><wayPoint>716,702</wayPoint><wayPoint>571,889</wayPoint><wayPoint>499,980</wayPoint><wayPoint>499,1088</wayPoint><wayPoint>529,1172</wayPoint><wayPoint>535,1293</wayPoint><wayPoint>523,1455</wayPoint><wayPoint>505,1594</wayPoint><wayPoint>366,1576</wayPoint><wayPoint>258,1775</wayPoint></path></mote></motes><gateways><gateway><devEUI>5792344105298610975</devEUI><location><xPos>617</xPos><yPos>668</yPos></location><transmissionPower>14</transmissionPower><spreadingFactor>12</spreadingFactor></gateway><gateway><devEUI>3516439820262681922</devEUI><location><xPos>340</xPos><yPos>1119</yPos></location><transmissionPower>14</transmissionPower><spreadingFactor>12</spreadingFactor></gateway><gateway><devEUI>81363316787501275</devEUI><location><xPos>344</xPos><yPos>1502</yPos></location><transmissionPower>14</transmissionPower><spreadingFactor>12</spreadingFactor></gateway><gateway><devEUI>4158607583867835776</devEUI><location><xPos>227</xPos><yPos>328</yPos></location><transmissionPower>14</transmissionPower><spreadingFactor>12</spreadingFactor></gateway><gateway><devEUI>16017550582712713394</devEUI><location><xPos>2168</xPos><yPos>1937</yPos></location><transmissionPower>0</transmissionPower><spreadingFactor>12</spreadingFactor></gateway></gateways><wayPoints><wayPoint>50.856545,4.676743</wayPoint><wayPoint>50.857852,4.679702</wayPoint><wayPoint>50.860061,4.683473</wayPoint><wayPoint>50.861985,4.680993</wayPoint><wayPoint>50.862263,4.680672</wayPoint><wayPoint>50.862696,4.680416</wayPoint><wayPoint>50.863049,4.680321</wayPoint><wayPoint>50.863455,4.680385</wayPoint><wayPoint>50.863977,4.68061</wayPoint><wayPoint>50.86477,4.680898</wayPoint><wayPoint>50.865176,4.680973</wayPoint><wayPoint>50.865583,4.680976</wayPoint><wayPoint>50.86798,4.680381</wayPoint><wayPoint>50.867881,4.678226</wayPoint><wayPoint>50.868028,4.678175</wayPoint><wayPoint>50.86965,4.67674</wayPoint><wayPoint>50.868551,4.698337</wayPoint><wayPoint>50.866713,4.695153</wayPoint><wayPoint>50.86133,4.685687</wayPoint><wayPoint>50.85791,4.679724</wayPoint><wayPoint>50.856486,4.67665</wayPoint></wayPoints></environment>